Species,MaxSylen,MinSylen,MeanSylen,SDSylen,SyllableRate,MeanDominantHarmonicFrequency,MaxDominantHarmonicFrequency,MinDominantHarmonicFrequency,SDDominantHarmonicFrequency,MeanHarmonicsIntensity,MaxHarmonicsIntensity,MinHarmonicsIntensity,SDHarmonicsIntensity,MeanHarmonicToNoiseRatio,MaxHarmonicToNoiseRatio,MinHarmonicToNoiseRatio,SDHarmonicToNoiseRatio,MeanFreqeuncyOfH1,MaxFreqeuncyOfH1,MinFreqeuncyOfH1,SDFreqeuncyOfH1,MeanFreqeuncyOfH2,MaxFreqeuncyOfH2,MinFreqeuncyOfH2,SDFreqeuncyOfH2,MeanFreqeuncyOfH3,MaxFreqeuncyOfH3,MinFreqeuncyOfH3,SDFreqeuncyOfH3,MeanEntropy,MaxEntropy,MinEntropy,SDEntropy,MeanSlopeSpectro,MaxSlopeSpectro,MinSlopeSpectro,SDSlopeSpectro
Aegypius monachus,872,1,193.066666666667,273.154970841166,0.00172754195459,2462.94764868159,2966.23436196831,1,282.470497740639,14.3986713355946,22.5850908419535,-2.88915843032004,9.03048519381889,10.5995184687688,16.5889809250392,1,3.33719258724921,1893.35615384615,2982.94,1,431.394036516857,2593.82615384615,3270.58,1,296.546203919346,3229.79,5987.41,1,886.549078994878,0.262892967933403,1,0.198912430881556,0.042421720565515,-4.03925191869127E-05,1,-0.000533729052724,0.000254114603917
Gypaetus barbatus,1256,1,469.333333333333,523.732247113606,0.001477541371158,2990.24437030859,3306.37614678899,1,185.261817192391,6.15748989238273,16.7468685410574,-7.48103352819721,11.4542130390898,17.1932061888945,27.8190672144549,1,7.68670482774584,1861.182,3040.57,1,938.03805960218,2831.01,3225.39,1,519.989736052549,3325.857,3749.38,1,313.611833572438,0.222055084363738,1,0.196315193949418,0.025724985071023,-0.000295338114498,1,-0.000411327862979,0.000203519254956
Neocossyphus rufus,1848,1,1848,NA,NA,2830.71120378093,3406.41784820684,1,249.243270446937,-12.5068748507178,30.5455106011052,-19.4322551446191,5.55820311464503,29.750014012393,42.6345406894196,-1.99061071748051,4.30554944302119,1333.66435555556,2772.77,1,242.634839757155,2715.18128888889,3327.17,1,327.590093043707,2912.45293333333,7636.22,1,476.12570700105,0.057035952672395,1,0.012538273829869,0.025573835849228,-0.000217991897535,1,-0.000567860577966,0.000114564487319
Plegadis falcinellus,392,1,261.714285714286,97.7304358694778,0.001913265306122,541.890464275785,565.23352793995,1,28.1779192594339,17.7141295586421,23.6681354067364,1,4.92066440810632,6.55792247778633,15.4858125067945,-3.34032024253824,6.88974300041231,1066.05380952381,1853.6,1,256.442074131298,1932.93047619048,2599.67,1,242.852432280926,2864.83285714286,4643.99,1,524.409547797738,0.192060695340791,1,0.119905937837837,0.056368396937213,-0.001663837269861,1,-0.003040880986335,0.000509903513811
Nymphicus hollandicus,280,1,254.095238095238,15.9809410295663,0.000550297160467,2610.68399215837,3328.01702502757,1,444.336371919048,3.01815796834391,26.6285340121689,-13.1580275160791,11.3230333979709,13.925631165047,43.5538422156397,-1.0772871051461,8.94996805467294,2328.24313084112,3158.95,1,409.813144839912,2631.90093457944,3312.53,1,420.349742288865,3371.11327102804,4724.81,1,474.594877632172,0.139096976601468,1,0.026242832597705,0.088010543044148,-0.000104624183521,1,-0.000701934707992,0.000240400470643
Grus monacha,848,1,458.181818181818,215.981400513945,0.000756048387097,1139.01841100271,1545.64220183486,1,138.194629419432,11.0926283860953,41.314582437715,-9.58852309878103,13.2091103113892,11.4332332092106,30.3531947771393,-1.34142423385665,7.35741534442038,1140.75005540166,1450.49,1,121.973553351614,1588.58254847645,3225.86,1,412.291212635274,2644.06529085873,4458.66,1,420.619682675304,0.201079656467174,1,0.027841968561181,0.095341271630643,-0.000653352874579,1,-0.003180793444533,0.000487611370156
Anthus nilghiriensis,136,1,109.714285714286,14.860523706625,0.000942575406032,2819.77815498532,3087.79909082817,1,141.406302385811,11.8162752768387,42.5924722092078,-21.0750414064608,21.3505145650126,11.9136186391872,16.341762701456,1,2.22330207201739,2425.76611111111,2780.58,1,411.390808100849,2871.27722222222,3180.31,1,142.397505216314,3152.10555555556,3457.93,1,136.697738921109,0.066666973855314,1,0.007355237787975,0.080806145026547,-0.000101510383901,1,-0.000265514291645,8.09230982030198E-05
Apaloderma narina,296,1,185.795918367347,61.2375768325832,0.001627339300244,507.036679330672,525.474459367907,1,5.4704892758646,-11.2965743483251,1,-13.6951710915188,1.42655146326556,21.4999203537027,22.926241624029,1,2.1000531606544,505.725789473684,512.09,1,5.30017013065998,1468.33105263158,6516.16,1,1718.55455617196,4149.06631578947,11644.93,1,2384.03442933082,0.045678068039336,1,0.026250792512205,0.014032946037199,-0.002066099251067,1,-0.002530459120249,0.000307665547007
Meleagris gallopavo,176,1,106.56,24.799736667463,0.00224276821677,816.176454430588,1625.67556296914,1,225.793603348259,20.0701757023613,34.229476415165,1,7.02158351177404,4.84726874738318,14.6931883961845,-2.93372714998982,3.74480779465385,1025.53526946108,1564.94,1,195.468260018027,1553.15880239521,1987.16,1,151.926017961035,2029.29766467066,3991.41,1,265.74214532124,0.106488158574725,1,0.023577567577454,0.055041727408484,-0.001131271553364,1,-0.003295109943035,0.000682102603734
Apus apus,952,1,952,NA,NA,3274.63526187215,3328.01702502757,1,92.4599259828011,20.6705273872979,26.9219093362607,1,8.12453189429552,10.8719326761309,12.3679368443953,1,1.32731785379476,2832.62,2961.62,1,160.940897536953,3171.12,3291.4,1,204.506574221955,3441.24333333333,3660.76,1,241.839699870252,0.085646576407664,1,0.06528974611406,0.032660870504443,0.000961943923554,1,4.93203516195997E-05,0.001514472240458
Stercorarius pomarinus,704,1,388.394366197183,223.132150393518,0.001558048433048,595.523210178756,1625.67556296914,1,186.711584913166,14.4806171704354,23.2619561235849,-6.27166359268818,2.37042506855598,7.67164170919611,22.54023136265,-4.3190792196733,5.7202112889266,1268.44083116883,3440.1,1,330.377113250853,2033.93445887446,8788.94,1,417.42347746496,2726.41784415584,9241.92,1,659.028097924522,0.208623935181149,1,0.040760609841937,0.074858059529852,-0.000697158667462,1,-0.003354637588207,0.000494791108653
Phoenicopterus roseus,936,1,283.5,220.098765709094,0.000857338820302,791.104735437305,1185.98497495826,1,120.989718600861,24.0864221227104,32.2246550059807,-1.26385402104896,7.14091888636026,0.868107567395651,6.61963458304213,-4.69104013773563,2.19507494805523,972.368622754491,1263.84,1,99.4305469408634,1705.0477245509,2447.53,1,396.993632850335,2564.14760479042,4592.38,1,471.576561602954,0.161734992228001,1,0.041564391158946,0.060036289636975,-0.000687659062866,1,-0.001377229176674,0.000293244433858
Puffinus griseus,824,1,180.121212121212,182.473244198937,0.004608294930876,910.529677422827,2907.63564017862,1,942.091369453459,15.8682713401513,25.9844031013827,1,5.63318306252687,6.86394518319541,19.2261183930995,-1.2887893250235,5.51427043016524,786.984705882353,956.27,1,107.932708441281,1347.13235294118,2758.66,1,634.436478720776,1795.81058823529,4295.4,1,895.893539709592,0.085851079680229,1,0.025836360010178,0.05006318655747,-0.001638643172903,1,-0.002832949278816,0.000903172936291
Callipepla squamata,392.000000000002,1,233.066666666667,98.8559317294378,0.000905328504915,1768.72369695052,2866.19266055046,1,513.212669627159,24.9887950011158,38.5514693536006,1,6.82078431815986,5.73204569159472,17.6614054226785,-4.50243072697403,4.14882780261324,1566.9067816092,2718.22,1,369.018031580276,2166.11942528736,3480.99,1,402.134523423115,2679.43275862069,5147.69,1,636.028275530025,0.211549447312466,1,0.072803777240441,0.089750323577281,-0.000514934949532,1,-0.00290013395444,0.000756673833003
Pelecanus onocrotalus,1184,1,984,282.842712474619,0.001736111111111,532.147179762335,645.583426467607,1,155.382715653591,3.43196641291759,11.1377046208282,-1.08771312524059,5.27270970649404,9.32202383254807,14.5113941075586,1,2.93981286205413,645.436666666667,679.15,1,19.9627784889779,1943.44888888889,2065.82,1,70.2912726525215,3304.94222222222,3539.68,1,145.725679341166,0.290979032732798,1,0.236741839206025,0.025228530225711,-0.004631866848238,1,-0.005292218712927,0.000507431807163
Coccyzus erythropthalmus,288,1,288,NA,NA,731.969696969697,745.308590492077,1,23.1036412975136,-7.30940271286838,1,-8.30657055452246,1.22309891367446,22.3463524715023,23.3959538788067,1,1.27924245388313,724.03,735.48,1,16.6980867167469,1732.92,2205.59,1,777.617277778728,2656.31333333333,2941.8,1,400.471196508979,0.070520423682201,1,0.057571551036178,0.017689869070216,-0.002767992605307,1,-0.002981669236587,0.000187155643862
Morus bassanus,112,1,91.2,10.1192885125388,0.006465517241379,662.432045463537,925.837683033573,1,118.033974709264,22.1068553903075,29.1261161629023,1,4.48972025547459,-0.815603032592326,4.33026844521834,-4.13141555958727,1.98907409040271,999.024333333333,2549.53,1,307.57393630275,1834.87116666667,3353.78,1,368.027537603111,2715.86866666667,7321.98,1,896.290101754603,0.333273082815522,1,0.159391735500643,0.092795556523374,-0.001765208429609,1,-0.003974615933685,0.001247716137288
Phalacrocorax pygmeus,192,1,93.8666666666666,38.0636059148118,0.001425081433225,887.987112276103,1505.62552126772,1,290.680422221934,19.6528655472243,29.8246165375847,1,4.99910684381524,1.94586927345019,7.9667093791474,-3.67799007473839,3.2894559229286,1181.8369047619,1545.01,1,163.96688983864,2055.765,2838.22,1,341.872602924668,2758.03285714286,5743.3,1,552.778294799455,0.337218978803969,1,0.069482252628726,0.109781023781139,-0.000666204969366,1,-0.002506168839853,0.000606799695278
Puffinus gravis,3016,1,188.470588235294,301.731134197658,0.003475089457748,353.149288714149,2687.4358671625,1,142.872935029497,7.20463919737753,13.6488811937143,-7.77750745736871,3.64093028219224,8.20799324318179,23.1402781340588,-4.66453167784144,5.9801724061846,781.610233766234,5214.8,1,315.459773351225,1820.99,6905.12,1,653.062985690955,3146.18431168831,10203.87,1,901.076508305125,0.300363019159479,1,0.028133600812159,0.153885673050401,-0.000600874492619,1,-0.001652339252745,0.000230610181911
Hydrobates pelagicus,416,1,212.5,158.76775491264,0.002062706270627,679.856944857167,845.76503830044,1,70.7221510548889,20.4467754224829,27.4301312380536,1,5.07407740520317,-0.155912449257322,8.01468147027666,-4.67101682511467,2.92012701841963,1262.1025,3241.57,1,252.488150260456,2093.41886363636,3989.5,1,617.266667742826,3045.68901515151,4838.99,1,629.11675473867,0.420412874857768,1,0.194685653961851,0.0574438974413,-0.000889560186991,1,-0.001772945695634,0.000243170054156
Ortalis vetula,72,1,72,NA,NA,853.733432557863,1386.25539024909,1,241.674643705647,18.8338016896252,33.1707926985736,-9.02780235169755,6.69564933676142,1.60354893340817,12.4852608048212,-3.82337332305089,3.53374654435568,1142.82854368932,1458.83,1,87.0212439513408,1728.24708737864,2797.14,1,346.68668977892,2800.60912621359,4954.86,1,554.932604623948,0.42496120903083,1,0.080360778086999,0.133111789578514,-0.001015639617452,1,-0.002141337382564,0.00060092155589
Pelecanus crispus,360,1,264,84.6640419540669,0.000514403292181,1111.17538424878,1245.51709758132,1,97.8257702471394,20.4046103580669,25.8840495159016,1,3.98494286630485,4.77183460233737,7.43995522575168,0.235297769196237,2.48010870810907,1098.67,1161.26,1,71.1663878995321,1382.52428571429,1561.32,1,108.914653568309,2150.92285714286,2304.69,1,127.641175920924,0.149107973060746,1,0.106535632315362,0.03310460594045,-0.002318636691343,1,-0.002824464155898,0.000368052118014
Psittacus erithacus,584,1,399.272727272727,136.1624697992,0.000627510040161,1785.62480449431,3488.16231449384,1,877.293246585104,20.8946309240122,38.6694354633851,-16.6723961463673,14.9227547523319,4.87730825040332,25.9092505520753,-5.84584931633174,8.47395657563523,1609.81460992908,3460.21,1,647.209422608785,2257.61078014184,4271.69,1,640.975113333551,2818.59056737589,4614.01,1,613.884611173297,0.269395091798241,1,0.018490953004646,0.156572000350265,-0.000337570122082,1,-0.002108716325437,0.000616491530717
Bubo bubo,959.999999999985,1,942.222222222221,13.1318104023924,0.000108260257659,438.184371006257,505.208507089241,1,51.3520578884253,-6.2113911476894,5.66289884222859,-10.9943701783673,3.0032596733549,13.5045204832975,21.4659707493129,1,4.72267413359369,443.9763878327,524.51,1,36.7983040841196,1367.6174904943,6892.29,1,585.818592028452,3132.69254752852,15740.13,1,2411.75023481095,0.045695981045397,1,0.012571199610182,0.022840888654573,-0.001398712809148,1,-0.002989937455413,0.000602809798978
Buteo buteo,888,1,559.428571428571,355.014564010183,0.000406860290436,1919.86934105167,2846.18432026689,1,563.582016820664,1.75975207098765,35.0019591581807,-16.8110483397626,12.2063905170499,17.8544369128859,29.266139750868,-1.68494574988234,7.25835493664516,1228.95043478261,2266.87,1,194.875136969643,2095.60750988142,2765.13,1,379.961324237604,2437.37185770751,4203.43,1,325.096055251043,0.06705981666822,1,0.022587723050131,0.02146073777545,-0.000554340695234,1,-0.002106668419102,0.000344888196747
Gavia arctica,864,1,302.857142857143,277.221589209444,0.005244755244755,1097.88851046674,1866.69125864789,1,305.435919428514,-1.75871691105454,30.2508107538722,-19.5521901219069,13.2374888342597,16.6864965039613,26.3309053088194,1,5.69198706515901,1002.40968421053,1148.8,1,129.514298696787,1224.10052631579,1799.41,1,248.854816784715,2177.83557894737,9905.1,1,1032.76330952009,0.05105263396477,1,0.010123120429212,0.024448278335323,-0.00068486754619,1,-0.002745235632091,0.000491119299034
Cygnus olor,392,1,270,118.546755895441,0.000439624853458,1495.68800471771,1646.49148563177,1,147.659585273006,-1.37908772975055,20.5711117744867,-9.45127626007512,8.46528989934513,10.8860122694748,13.4094346981442,1,3.38823615862397,1350.30266666667,1463.55,1,80.1224788742359,1601.916,1697.11,1,52.4414493643012,1929.76,2513.61,1,228.605872065564,0.057888529606323,1,0.027826510375842,0.026097416739136,-0.001456905144532,1,-0.002076596205735,0.000416924311644
Bucephala clangula,232,1,145.159420289855,45.2397610087585,0.003856624319419,NA,1,1,NA,NA,1,1,NA,NA,1,1,NA,NA,1,1,NA,NA,1,1,NA,NA,1,1,NA,NA,1,1,NA,NA,1,1,NA
Anser albifrons,384,1,144.390243902439,82.9662665492727,0.003160112359551,1090.97064678635,1345.55879899917,1,181.892792023406,11.3318934008256,34.2431796415326,-4.1716627047749,11.1087525865881,12.904217304775,27.3377626109726,-5.56239306649749,8.6952501091411,1142.43002114165,1347.8,1,127.321115528939,2016.40114164905,2586.25,1,419.235763661203,2992.64429175476,4967.76,1,668.584512503632,0.239081688051234,1,0.066937339389914,0.122944134836782,-0.000499326497371,1,-0.001484683306369,0.000236599763905
Porzana parva,472,1,190.095238095238,101.1266061736,0.001174260216064,2002.52878096302,2987.70828491175,1,604.241583589412,14.665504030052,29.229173811532,1,6.59235390966203,5.88892841038525,12.776531000872,-1.86152969272204,4.09536907522996,1774.76142857143,2791.87,1,454.25714979828,2459.61095238095,3079.5,1,400.15062732557,3488.8919047619,5524.73,1,796.030220265657,0.282126171155512,1,0.101469099373311,0.102517859494121,0.000685544184636,1,3.36853581402001E-05,0.000309706705719
Calidris minuta,128,1,104.827586206897,21.5440291162682,0.003243058716432,3227.02103447788,3486.45120934112,1,200.151216226166,25.2111737817498,32.877248899996,1,4.1923439589164,2.27959120015245,16.5192019310375,-5.67667341639146,4.06247489403802,2871.81542372881,3468.06,1,416.755592124002,3361.64627118644,6508.54,1,521.30951706487,4051.4706779661,8335.34,1,773.141095567106,0.182153457633887,1,0.043435252596143,0.086648347976846,0.000842550593106,1,3.72764346420477E-05,0.00050051978366
Apus affinis,864,1,198.95652173913,244.922896635743,0.002864583333333,3432.11146318064,3488.16231449384,1,53.7143630284445,21.7318263197189,24.1174008712938,1,2.14940818763213,5.50961733324755,7.73912027818623,1,2.18260360432415,2117.974,3361.57,1,696.125716038418,3580.064,4405.46,1,470.496652836128,4114.094,4736.32,1,548.549622121828,0.135058017836115,1,0.091291088812874,0.042158030079021,0.000493053196727,1,0.000251262830255,0.000202418957617
Aquila fasciatus,640,1,297,199.585284312962,0.00212895377129,NA,1,1,NA,NA,1,1,NA,NA,1,1,NA,NA,1,1,NA,NA,1,1,NA,NA,1,1,NA,NA,1,1,NA,NA,1,1,NA
Peucedramus taeniatus,1416,1,278.153846153846,358.009127515787,0.001405125899281,3135.11474453411,3368.05334739414,1,143.630159290962,15.5678985934608,29.7953580131434,-15.5820081615885,17.3111000238144,9.66874142611065,24.8117818524912,-4.15122594509277,8.62120619065754,1714.74681818182,3259.5,1,1073.72505334239,3127.32909090909,3577.59,1,183.719573520004,3460.65954545455,4349.3,1,400.363811640378,0.058093517524323,1,0.029077301134511,0.021856536354062,0.000584553300308,1,-0.000273302281265,0.000713012632464
Motacilla madaraspatensis,496,1,196.307692307692,144.835184845502,0.002199413489736,2987.70828491175,3227.92621911115,1,162.936027283237,-2.75571061031906,18.9212117602165,-15.6911964771231,15.9020467249728,15.6834870648115,19.0854548243292,1,2.11955589892491,2874.64,3051.75,1,101.852616682145,3154.85444444444,3219.18,1,51.2355923921816,3338.45333333333,3443.14,1,67.8880676186912,0.084902224787822,1,0.053179419767732,0.028519065093181,-0.000180111844355,1,-0.000357955838921,0.000241462749181
Phalacrocorax carbo,1096,1,264.372093023256,223.461621638963,0.002571008814887,NA,1,1,NA,NA,1,1,NA,NA,1,1,NA,NA,1,1,NA,NA,1,1,NA,NA,1,1,NA,NA,1,1,NA,NA,1,1,NA
Fulica cristata,248,1,224,23.5513623102076,0.00033542039356,NA,1,1,NA,NA,1,1,NA,NA,1,1,NA,NA,1,1,NA,NA,1,1,NA,NA,1,1,NA,NA,1,1,NA,NA,1,1,NA
Aramus guarauna,768,1,358.451612903226,146.866569536133,0.000972510373444,1521.11387353572,1627.21069130507,1,71.2852238068082,4.00982491549498,12.188036330095,-5.98356046436929,3.3696044752687,20.2431598558576,29.0888907009943,1,4.20858381014809,1493.0880952381,1591.42,1,52.9109659410041,1631.33107142857,3127.12,1,285.960736212972,3038.71404761905,3215.57,1,93.7217983300287,0.127982956549367,1,0.047571377641178,0.061483732829887,-0.000146797408709,1,-0.000445278009472,0.000117141725488
Chamaea fasciata,1568,1,379.428571428571,512.871511017318,0.001815642458101,1604.79729484716,3446.43452877398,1,687.331147946965,7.51973205527538,11.6176673853937,-1.03523090437497,2.63238745408315,1.79856064875828,12.0411560021608,-3.51458173055777,3.53210400943896,1609.67543478261,3090.56,1,232.502980680598,3110.04565217391,5672.07,1,737.319926185075,4082.12043478261,6510.38,1,714.39643592167,0.562617324084729,1,0.462228085033468,0.028459220301347,0.000404508475403,1,4.57244266571364E-05,0.000166618139681
Apus caffer,255.999999999999,1,173,64.2761897706185,0.001966292134831,2116.91827343893,3307.99886384429,1,908.631748462665,28.9203807022936,38.3671898054502,1,4.82811054912849,1.96781098371158,4.41839318615331,-3.63312381604039,2.86807317521647,1545.47,2131.63,1,476.587703156512,2393.48375,3212.27,1,590.41767278857,2869.34875,3777.33,1,615.912548579922,0.160040426484908,1,0.06119283070833,0.104732918026461,-0.000312003885343,1,-0.002256190351424,0.000853271000592
Erpornis zantholeuca,1160,1,315,291.05015641361,0.001353002793296,2371.07742703383,3287.980702661,1,477.674215297398,26.6716408423671,39.965416483508,1,8.02495488581674,3.31811137353323,10.7679956804218,-2.9592236550168,2.62506642443442,1848.95089285714,2571.74,1,398.184578470733,2644.94428571429,3720.81,1,368.575235432369,3582.60196428571,5287.57,1,815.894035917142,0.129127250434542,1,0.064082826325239,0.039484217440022,0.000970074218051,1,-0.00076224975916,0.000749114375313
Calidris alpina,424,1,288.470588235294,82.9684560895425,0.000991571641051,2459.62919289674,3468.14415331055,1,761.406971613373,8.35916773870226,26.9303538867983,-12.5852377158369,10.6510296088237,11.8364800825313,39.0700138279271,-1.59251810469384,6.94065042453409,1898.7179,3227.02,1,587.284709627462,2706.5163,4291.57,1,488.752092699862,3280.3177,5626.38,1,624.529257835561,0.154758534637931,1,0.023586327447703,0.079986555905266,-2.38271936721105E-05,1,-0.000682674644134,0.000386648148222
Uria aalge,336,1,312.666666666667,23.7461320614282,0.000522416413374,2783.96788886856,3388.07150857742,1,366.147605239493,-1.77371402064053,26.4581287513218,-10.7835486764885,9.20746581752512,17.9162131639213,40.1413804807174,1,7.55806885361632,2154.16788888889,3227.87,1,605.845098705791,2761.53022222222,3371.64,1,343.696159220425,3536.82311111111,6500.29,1,875.181210118949,0.100348376611418,1,0.031051779399266,0.048958640208926,-0.000195306792903,1,-0.001045964650446,0.000210044969531
Egretta thula,464,1,448,22.6274169979692,0.000307125307125,388.874300011915,1185.49207673061,1,265.352848827988,16.1514252704938,19.1193476449337,1,1.67505160819219,1.26135388884026,4.13909799922554,-2.84446908133896,1.62274646986384,1371.75971428571,1532.91,1,64.0588201892106,2136.00714285714,2579.22,1,406.928196026041,2838.04685714286,7051.44,1,784.361638718246,0.379213310238621,1,0.268338870582707,0.0829574990785,-0.001337525607386,1,-0.002605192579287,0.000454214215994
Egretta garzetta,560,1,448,147.150716387428,0.000778008298755,833.849466167533,1786.61861391475,1,351.131063873897,19.2118250798582,24.0725142297235,1,2.87276124094393,1.16911836025109,5.04559684183809,-2.50537973173,1.57705478072192,1391.104,1792.92,1,237.563275666473,2030.59180952381,3278.39,1,532.664748813384,2951.62923809524,8664.84,1,846.940645689276,0.373991378299918,1,0.249598126959688,0.062297507874728,-0.001065370657578,1,-0.001558691392496,0.000243400973914
Cinclus mexicanus,560.000000000002,1,146.608695652174,116.078800487881,0.002165960723912,2770.54924523993,3488.16231449384,1,369.354423902172,9.97786819536498,35.3767140168186,-21.3552444005259,19.6322698068492,13.3386167398461,30.897957495676,-3.05885326910459,10.502103074541,1525.88860759494,3164.63,1,703.311421124336,2769.77746835443,3494.58,1,342.235113468715,2975.58430379747,3744.15,1,394.662344161675,0.059342584039915,1,0.011311252980944,0.034707846291697,-2.82915320992437E-05,1,-0.00036837253271,0.000179485137129
Podiceps nigricollis,280,1,136,109.105453575887,0.000496031746032,3023.74097504166,3488.16231449384,1,1005.0432762757,10.9659501518295,12.3282802561734,1,0.941386257916878,20.7199680878741,25.4258376615992,1,4.33757457442668,1320.934,1402.13,1,63.4205852227808,1828.39,1859.43,1,19.9084127945952,3418.428,3512.92,1,110.880719333886,0.119032329457332,1,0.099997095921064,0.021338797747214,-2.56754876799895E-05,1,-5.12567877179195E-05,2.23836187352379E-05
Garrulus glandarius,864,1,294.4,232.476358244999,0.001970720720721,1255.89321864088,1586.43700208192,1,208.52169857789,25.9031774568312,33.0305356275157,1,4.80421298943274,-3.65092186582005,1,-6.18081944877843,1.34452173680808,1475.37926829268,1654.78,1,98.5076408302991,2254.69219512195,3133.23,1,446.79335652241,3193.85292682927,4153.01,1,363.3541338023,0.4771772054563,1,0.418107504772513,0.031061177615714,0.000508163247204,1,0.000166303098652,0.000268381784678
Bombycilla cedrorum,856,1,461.333333333333,364.973058366413,0.00625,NA,1,1,NA,NA,1,1,NA,NA,1,1,NA,NA,1,1,NA,NA,1,1,NA,NA,1,1,NA,NA,1,1,NA,NA,1,1,NA
Callipepla gambelii,1648,1,1648,NA,NA,723.270418585536,1265.52543786489,1,128.672769495043,11.2914756293357,19.3423684110212,1,1.79767823367254,19.1301404987365,25.010271496111,1,3.06803241167351,831.827246376812,1322.47,1,202.778063937806,1483.31797101449,1973.78,1,197.054043740914,2327.0115942029,5288.74,1,707.92929658311,0.077271071000287,1,0.042973640646691,0.017042617653582,-0.001079855422395,1,-0.002204670729149,0.000492334373928
Daptrius ater,1040,1,728,215.357067835413,0.000921375921376,1232.33196169114,1626.47332444849,1,159.786916297318,22.7776017826602,32.3007875021359,1,5.34787212081296,3.21056681544753,12.467662492607,-2.65631557299309,2.69024953146559,1327.08153153153,2078.54,1,148.888925054877,2200.88603603604,3006.34,1,161.539453758231,2766.21018018018,4058.9,1,335.440026296483,0.374032348848261,1,0.157103124270769,0.071321145988372,8.42496114674603E-05,1,-0.000478130095188,0.000260354583292
Podiceps grisegena,552,1,129.333333333333,134.85435465604,0.004676870748299,383.262105961665,505.456298184623,1,67.6907829303974,11.3527286824241,19.2718773992752,1,4.00833519200159,-0.937587109754064,12.325555204209,-4.80627771299718,3.86467266956481,1006.6575,2308.84,1,385.081977723434,2138.94291666667,3246.49,1,367.553793915337,2876.85416666667,3759.11,1,526.311690490627,0.429770344893234,1,0.22676946150295,0.115722718804084,-0.00079291022739,1,-0.002467941694823,0.000394311901679
Spizella arborea,424,1,144.923076923077,95.1516360666166,0.00397582697201,NA,1,1,NA,NA,1,1,NA,NA,1,1,NA,NA,1,1,NA,NA,1,1,NA,NA,1,1,NA,NA,1,1,NA,NA,1,1,NA
Haematopus ostralegus,144,1,117.6,13.003643214196,0.000595835423984,2547.88897543556,2827.56299544549,1,251.658833121811,11.9251521435457,29.8526890141961,1,6.94351696561883,8.9074338670975,23.4152500925415,-0.910956783832199,6.28618628494337,2105.78362318841,2672.06,1,303.358989754088,2483.9515942029,2819.72,1,189.630166544244,3268.61637681159,4972.8,1,864.426398089867,0.145524359075341,1,0.028217948292391,0.092038743569453,0.000883688461028,1,8.12662758542905E-05,0.000580621690782
Podiceps auritus,504,1,338.222222222222,145.477532348815,0.001006631927996,1999.6015391223,2667.41770597922,1,181.404162118418,0.236180298910349,26.503964225039,-18.5946324278641,15.4067294694448,17.8932987354898,28.5831931429368,1,6.65699694197199,1294.48141630901,1952.97,1,408.6380900385,2042.86652360515,2772.07,1,164.486072802691,2329.8478111588,15309.55,1,1026.36561464215,0.066463265024486,1,0.020179648484191,0.028708925789883,-0.000721175615342,1,-0.002313703950459,0.000475341880043
Pandion haliaetus,320,1,255.652173913043,82.205180491285,0.002303182579564,3138.61390902675,3486.45120934112,1,229.16195224254,2.07792010757012,25.8236601657282,-11.6624337453242,10.7442126429921,23.6364479021064,45.0665940294038,-1.67983710346783,7.51240049607605,2473.81668639053,3408.26,1,715.315499971634,3064.06715976331,3548.26,1,290.894621191788,3816.47520710059,6554.79,1,849.151140299961,0.095890248015665,1,0.036148684195496,0.044678300670094,0.00018824619644,1,-0.000302369816299,0.000257657777076
Branta bernicla,240,1,210,26.4323034687987,0.000483870967742,1260.52335279399,1505.62552126772,1,170.853731495252,24.1780036200155,25.2309738215216,1,1.78791461885821,6.92518305416182,13.9566103424686,0.729586975916192,6.25601581392479,1282.09,1341.63,1,58.1381549988187,1602.695,1712.77,1,103.010304177139,2217.735,2265.7,1,56.2680954597423,0.188964714194009,1,0.146837956490043,0.033886641515497,-0.001718865820942,1,-0.002234209874989,0.000626998372199
Porphyrio porphyrio,608,1,224.347826086957,154.401662937245,0.005623721881391,1311.95721508806,3428.10783094399,1,760.727911344697,11.577215359708,18.837818874319,-3.00113256774932,5.64207213564958,9.75418748000258,15.3759310724942,1,3.39962033732454,1438.50846153846,1939.35,1,371.073701937416,2098.87653846154,2895.14,1,249.460771616578,2838.52346153846,3951.27,1,540.083489412089,0.221184917173518,1,0.150575284749123,0.0435202926916,8.53848285328475E-05,1,-0.000819237396147,0.001056157066892
Otus scops,560,1,248.8,149.925018296184,0.000769493844049,1343.35933057062,1346.21906788252,1,7.26932538091376,-4.82420227872658,1,-7.30948501086697,1.14303470395058,25.9174034513468,27.7845693877813,1,1.3994792776535,1325.25428571429,1333.45,1,6.92382032638686,1368.38357142857,1416.88,1,19.6756646284548,2624.96428571429,2681.42,1,92.4492834530858,0.044571884089232,1,0.021404837874156,0.020900646566791,-0.001264695673548,1,-0.001474127708173,8.93483177055779E-05
Empidonax flavescens,248,1,232,17.2819751957543,0.000246224556796,NA,1,1,NA,NA,1,1,NA,NA,1,1,NA,NA,1,1,NA,NA,1,1,NA,NA,1,1,NA,NA,1,1,NA,NA,1,1,NA
Vanellus vanellus,944,1,860.363636363636,67.8222275176401,0.000316135558928,1186.07377841626,1206.09193959954,1,20.018161183285,12.2527928352279,12.6512271645256,1,0.485561786209392,16.6140230639745,18.310285522805,1,1.83646067834703,1183.8,1196.05,1,14.9862970743276,2366.31,2388.49,1,28.3346642824651,3506.6,3524.83,1,26.0294583116898,0.097249306783099,1,0.094980189863576,0.001992676238979,9.59582814866102E-05,1,6.13115823482645E-05,3.3207425470283E-05
Zenaida macroura,592,1,356,179.43912616818,0.002431906614786,490.656986883008,525.216847372811,1,10.5133171656289,-8.16513784238847,1,-10.7584299578559,1.45411135194845,19.7555355879568,22.1159586058685,1,2.60025670322351,487.394,527.83,1,9.32028882083081,914.171272727273,1380.26,1,248.661902747445,NA,NA,NA,NA,0.044464454705079,1,0.008551477930571,0.022486590710837,-0.001192082898726,1,-0.002951210438131,0.000382068015858
Alectoris chukar,96,1,70,11.8588186151643,0.003998316498317,NA,1,1,NA,NA,1,1,NA,NA,1,1,NA,NA,1,1,NA,NA,1,1,NA,NA,1,1,NA,NA,1,1,NA,NA,1,1,NA
Calcarius lapponicus,1032,1,123.076923076923,190.003983763904,0.001742889012828,NA,1,1,NA,NA,1,1,NA,NA,1,1,NA,NA,1,1,NA,NA,1,1,NA,NA,1,1,NA,NA,1,1,NA,NA,1,1,NA
Gallus gallus,1272,1,573.333333333333,627.953289133303,0.01,773.437963008389,1305.54211843203,1,119.677225480024,11.8246586919212,26.8130872231496,1,7.01101369264097,14.4079452041794,26.4700165744721,-1.66750629042272,8.82940122240156,909.174941176471,1308.27,1,207.166559310915,1612.72,2399.35,1,189.832526629834,2253.78764705882,5370.28,1,495.390120361257,0.100869963122495,1,0.024868111651416,0.055568705663425,-0.00141298244116,1,-0.003232519294285,0.000612917196522
Perdix perdix,624,1,492.8,94.0808163229891,0.000218245307726,1924.06081154585,2385.99249374479,1,215.158712939598,29.3830270340231,37.4267175317246,1,3.88064692948359,1.31469161260496,11.7488055966298,-3.65382203849831,3.42398205914593,1902.43217391304,2282.69,1,148.917614433291,2245.34782608696,3524.81,1,261.706752368312,3020.07108695652,4435.32,1,284.689322097914,0.247781166936641,1,0.169021547559347,0.066482672018721,7.50432662693866E-05,1,-0.00068856141742,0.000390320781198
Pyrrhula pyrrhula,360,1,291.2,59.7714164314534,0.000608436992969,NA,1,1,NA,NA,1,1,NA,NA,1,1,NA,NA,1,1,NA,NA,1,1,NA,NA,1,1,NA,NA,1,1,NA,NA,1,1,NA
Sturnus vulgaris,544,1,155.377777777778,124.199123274773,0.003559870550162,2446.0175145955,2666.10925771476,1,147.030672884156,28.7326925350124,34.2468978933788,1,4.27586793520508,-3.52371481553839,1,-4.68370422238027,1.33881560723415,1770.1125,2236.25,1,357.24822886195,2635.695,2731.8,1,106.762559448526,4222.21,4777.43,1,523.731039434046,0.269007638493025,1,0.186230008406757,0.075700395685835,0.001344902457322,1,0.000480593156882,0.000767124750398
Clamator glandarius,384,1,292.571428571429,114.342842864281,0.001536885245902,NA,1,1,NA,NA,1,1,NA,NA,1,1,NA,NA,1,1,NA,NA,1,1,NA,NA,1,1,NA,NA,1,1,NA,NA,1,1,NA
Columba livia,528,1,420.521739130435,78.1169691524525,0.001216275984078,271.93474650871,365.32916990164,1,37.7273772717111,0.183047877155649,6.57760644801741,-5.17459258824192,2.30102476306587,8.83709879616684,16.2819921583975,1,2.47836526738992,319.104680851064,472.19,1,37.5057418647391,612.098510638298,4570.65,1,405.813427705479,3287.35052009456,12041.47,1,1581.17299449824,0.028889730161545,1,0.007297982468222,0.015505508048585,-0.001409617367167,1,-0.003051850904694,0.000569971403848
Charadrius dubius,184,1,158.933333333333,9.96756645086357,0.000292007341899,2627.52174431073,3386.40950792327,1,471.741088961444,9.75660630550047,26.2198751572957,-14.8941627839801,10.4945066344832,11.8239924678291,28.3169543008153,0.040895059274172,8.00047735452152,2095.50204081633,2330.96,1,123.225677721467,2476.63591836735,3309.29,1,313.851883848884,3044.16183673469,3385.57,1,250.392054924817,0.091745572259709,1,0.037327179105368,0.036649866652001,-0.000408803095786,1,-0.000849855695519,0.000200647841571
Asio otus,680,1,603.199999999999,57.8312816982063,0.000195181797903,519.504130593945,545.49262055119,1,13.6216575381249,14.5412877300276,29.4294595834614,1,7.15830319713533,11.4713820466174,17.8272781153667,1,3.81301644137976,560.892807017544,643.54,1,35.2007157371625,2087.63403508772,2181.89,1,49.1487577542349,3057.10333333333,3204.56,1,74.2055709867945,0.238908217451066,1,0.152722122007756,0.062374184114301,0.000521065917746,1,-9.13881641830822E-07,0.000218789140854
Sitta europaea,456,1,146.909090909091,105.917716981451,0.003343949044586,NA,1,1,NA,NA,1,1,NA,NA,1,1,NA,NA,1,1,NA,NA,1,1,NA,NA,1,1,NA,NA,1,1,NA,NA,1,1,NA
Ardea cinerea,399.999999999999,1,297.6,138.725628490196,0.00047258979206,1271.15096344521,2126.92735403057,1,460.564137868631,12.1663049320516,24.9902793224901,-7.13873963929865,12.152023924317,10.2190011755393,20.6191012723262,0.724061175488962,7.94425814178696,1173.34714285714,1541.24,1,140.920413841865,1971.66857142857,2123,1,138.88068408957,2330.90214285714,3353.05,1,381.054268377748,0.157749920299342,1,0.120951086906185,0.026411752834708,-0.001334651206703,1,-0.002380913266419,0.000662706582337
Strix aluco,1208,1,781.333333333333,568.469289701153,0.000386996904025,863.558959352247,885.801360667006,1,18.576067407612,-4.83600258357158,1,-6.36271412073936,1.03402226608133,25.0407699206987,27.1262224682809,1,2.07893362022726,857.891111111111,873.06,1,16.6247883027457,1148.20888888889,2612.9,1,551.446858125161,2715.52,4222.56,1,567.710320431996,0.070297509889106,1,0.052815471109087,0.014092254236342,-0.001666616829998,1,-0.001964906888187,0.000224229223614
Corvus corone,376,1,298.285714285714,65.436264883509,0.002199413489736,761.039049081719,1085.98297249984,1,113.912530792546,21.4329652320392,28.7181813263075,1,5.07981571603148,3.75264529376642,14.4038220737234,-3.90721399481953,3.34554212033929,1122.85078947368,2149.85,1,193.601040858501,1741.1801754386,3427.95,1,285.805161007243,2455.12043859649,7762.76,1,844.647861490837,0.287465575618943,1,0.079192850793141,0.107788112530645,-0.000919207028345,1,-0.00218745276712,0.000434460358751
Alcedo atthis,296,1,140.8,80.9938269252663,0.002331002331002,NA,1,1,NA,NA,1,1,NA,NA,1,1,NA,NA,1,1,NA,NA,1,1,NA,NA,1,1,NA,NA,1,1,NA,NA,1,1,NA
Pica pica,1320,1,373.333333333333,402.591604482756,0.000576368876081,1167.80720633651,1726.5641303649,1,132.869235523657,28.5071228395214,35.4456902172593,1,3.61223889894329,-0.67485731328679,3.28950303447792,-4.56973256275733,1.81478416007449,1380.47525,1565.95,1,76.1680124889641,1945.835875,2635.77,1,123.95475963915,2643.27625,3123.06,1,159.321862361277,0.400937509780579,1,0.215954883493569,0.062541300944117,-0.000517714789461,1,-0.001014169480957,0.000248152221153
Larus genei,144,1,114.666666666667,15.7310732840028,0.001100352112676,1247.12917002527,1566.41884089864,1,285.877801015509,16.1071600715053,27.7078077063775,-6.56181721363125,10.2878917620351,5.79684044869568,16.1558878041635,-1.58710784405833,4.34328184204877,1333.042,1608.48,1,107.774232815397,1719.2445,2612.31,1,322.336399147732,2720.7425,3864.01,1,695.023280888944,0.140751513004537,1,0.054872171080881,0.097125894172664,-0.00118239868167,1,-0.002564361256728,0.000630235954615
Anas penelope,488,1,323.2,164.594046064856,0.000854700854701,NA,1,1,NA,NA,1,1,NA,NA,1,1,NA,NA,1,1,NA,NA,1,1,NA,NA,1,1,NA,NA,1,1,NA,NA,1,1,NA
Pteruthius flaviscapis,760,1,245,244.471675250938,0.001617773943054,2495.28702064526,3488.16231449384,1,402.920587796099,23.2036178844552,29.711593893731,-17.3978601403259,5.96093318385011,8.59670909303881,39.582046036393,-1.19460103022229,6.70184319920909,2003.67191082803,2769.8,1,549.1738624891,2541.42464968153,3303.2,1,217.145912504344,2901.13445859873,3352.47,1,212.882382860953,0.052059954266147,1,0.016047234127081,0.024833820839472,-0.000338057184147,1,-0.001368912953883,0.000272797962037
Larus ridibundus,1640,1,461.866666666667,394.805895647589,0.00186170212766,NA,1,1,NA,NA,1,1,NA,NA,1,1,NA,NA,1,1,NA,NA,1,1,NA,NA,1,1,NA,NA,1,1,NA,NA,1,1,NA
Tyto alba,800,1,800,NA,NA,NA,1,1,NA,NA,1,1,NA,NA,1,1,NA,NA,1,1,NA,NA,1,1,NA,NA,1,1,NA,NA,1,1,NA,NA,1,1,NA
Regulus regulus,1248,1,349.629629629629,356.446149579228,0.001514445479963,2457.5721542648,3247.94438029444,1,757.893366238336,13.8948721092459,20.7325262970045,1,4.58824206111507,1.31828990843373,12.8793768321798,-6.06784535350873,5.49908944532187,1119.66344827586,2229.02,1,427.215145149171,2729.08379310345,4709.4,1,676.590672460165,3944.38275862069,6019.92,1,1103.23054985573,0.374430812013633,1,0.181497172926996,0.114729863602527,0.000934491946712,1,4.5990666156337E-05,0.0005573125159
Aegithalos caudatus,272,1,196.8,69.5586083817093,0.001805778491172,2348.19896209804,3466.44286905755,1,654.523888094572,21.8648919296901,25.9417599190748,1,2.10476188177241,-1.97195041702056,2.11332348418896,-4.90688652231879,2.48288588216086,2316.10777777778,2846.24,1,223.953047801195,2868.16111111111,3484.91,1,307.399105742211,4115.48111111111,5068.74,1,633.093558359356,0.250860742915907,1,0.136357753843967,0.064569461257364,0.000889156014321,1,0.000582233489816,0.00024183697993
Picus viridis,104,1,87.3333333333333,16.5217946049967,0.009683098591549,1576.90523352794,2045.8507089241,1,258.845215660145,10.9119312201995,18.5946750373657,-0.975971806622631,6.9756912624317,8.23609325865409,13.3655307715147,0.259274130285276,3.38438584689779,1443.751875,1645.84,1,79.3867860724735,1977.866875,2039.55,1,64.9537605499738,2518.81,2645.17,1,75.5370552775259,0.194113940621704,1,0.141077864178472,0.039483447978181,-0.000649861928077,1,-0.001264143107565,0.000392593557786
Psittacula krameri,256,1,174.4,55.5409758646713,0.002049180327869,1881.70487953535,2247.03632113027,1,205.18880563233,14.5838630437405,25.6378393220484,1,6.13024892094942,5.72129388158965,15.4761138232565,-4.50724189397884,6.16204018531056,1779.08,2066.96,1,182.968684799862,2724.39791666667,3839.48,1,636.844802607758,3572.95708333333,4282.6,1,431.367309312258,0.324753635425958,1,0.188654211233896,0.104634091773661,0.000153911731567,1,-0.000291315000432,0.000303000221556
Vireo flavifrons,1088.00000000001,1,386.909090909091,225.863614365778,0.000551007556675,NA,1,1,NA,NA,1,1,NA,NA,1,1,NA,NA,1,1,NA,NA,1,1,NA,NA,1,1,NA,NA,1,1,NA,NA,1,1,NA
Dendrocopos major,128,1,110.896551724138,12.0302100070226,0.001595744680851,2053.38326056027,3146.30942452043,1,262.559918246664,20.7339037868095,38.0550024038872,1,5.54042581426284,-0.226499298900867,9.36512488279941,-5.9414590144841,3.16812408763333,1663.54935294118,2480.36,1,265.904661588714,2414.09417647059,4773.67,1,348.002595623309,3516.63741176471,6859.98,1,549.903931084025,0.341577787436831,1,0.155917857986065,0.083582348249582,0.000842521587332,1,2.9729536617011E-05,0.000687774448998
Porzana porzana,240.000000000002,1,135.652173913044,43.3826616975998,0.001958689458689,1514.83570965222,2285.95079232694,1,448.978725551949,17.4239314237918,29.8494577860497,1,5.87114278504153,6.98046748439166,12.1999523516358,1,2.06714906434905,1185.3780952381,2222.36,1,220.373964300402,1981.3380952381,2536.34,1,226.580942923966,2421.99873015873,3412.97,1,247.529124460993,0.100427022881091,1,0.025817449969555,0.051122216268877,-0.000810840042487,1,-0.002577937786594,0.000573402320535
Parus ater,520,1,142.814814814815,106.564908727403,0.002557041699449,125.111235702241,125.111235702241,1,NA,14.2201793196422,14.2201793196422,1,NA,6.46849685180422,6.46849685180422,1,NA,1184.87,1184.87,1,NA,4049.54,4049.54,1,NA,4852.04,4852.04,1,NA,0.383472982549674,1,0.383472982549674,NA,2.78262314506939E-05,1,2.78262314506939E-05,NA
Troglodytes troglodytes,336,1,85.6,60.37636344761,0.005010548523207,2846.18432026689,2846.18432026689,1,NA,11.5382770144765,11.5382770144765,1,NA,4.24903811613728,4.24903811613728,1,NA,2745.92,2745.92,1,NA,4365.4,4365.4,1,NA,5131.77,5131.77,1,NA,0.188004766121864,1,0.188004766121864,NA,0.003754102688267,1,0.003754102688267,NA
Alauda arvensis,1336,1,148.3125,136.976217833493,0.003588381555154,3219.14632385533,3488.16231449384,1,170.449237094315,23.3828791713672,31.471499121196,-11.9831704503684,6.55927972527251,4.98849961392877,20.6190855262214,-4.0674095755281,4.72996868102136,1711.84,3311.16,1,569.604714830507,3110.50824561404,4005.49,1,333.452816029938,3588.52842105263,4567.41,1,295.380227997923,0.120165908798015,1,0.069856591958593,0.041430766482575,0.00035717335616,1,-6.07432396175302E-05,0.000299086258514
Parus caeruleus,816,1,226.666666666667,234.13142422478,0.002116082224909,3286.36780650542,3366.4011676397,1,113.184264758402,19.61583256117,27.115242970434,1,10.6057679105832,6.32332045510024,11.7119007637785,0.934740146422011,7.62060335446935,2007.28,3364.46,1,1919.34236258152,3596.3,5561.19,1,2778.77408657127,4884.235,6555.38,1,2363.35592369199,0.140862751238809,1,0.093562052814867,0.066893289220858,0.000885886655279,1,0.000147858789834,0.001043729016721
Certhia americana,1288,1,444,416.074653934915,0.000642965204236,3342.31571158706,3488.16231449384,1,89.3105317878626,11.3274049786939,23.6606194791101,1,8.217468958594,21.2162105731156,26.0334574390773,1,2.99279652214209,1311.33,1757.29,1,225.271549764575,3304.87428571429,3456.97,1,98.4941735767727,3403.13,3535.09,1,70.6886301560112,0.039494020406225,1,0.023405704597965,0.016572191730366,0.000621332164842,1,-2.31263002014904E-05,0.000562780179955
Oriolus oriolus,720,1,368,264.302856586909,0.000965250965251,1771.51016473294,2086.30162703379,1,205.210902980423,3.73665842321464,29.5671075485826,-19.7090005750097,15.7036991036663,16.1804554182038,31.1415363723778,1,7.94488004782509,1366.9472972973,1934.54,1,188.017095479354,1739.9627027027,2040.13,1,188.641307816487,2013.66891891892,3548.88,1,323.014038358361,0.054202643137767,1,0.014321626259385,0.026864367259471,-0.000587058012057,1,-0.001319154246754,0.000280405749171
Cuculus canorus,128,1,106.285714285714,18.8830990192667,0.003865979381443,778.807740549458,905.81952185029,1,71.2336120878446,-7.62135797574138,1,-13.0594795118777,3.12766227791604,15.4067331354313,21.3768434244725,1,4.6645468142978,762.335172413793,892.06,1,59.7466194274197,1066.70689655172,1625.93,1,278.388810403511,2452.31482758621,4880,1,1031.63282959803,0.066318494999555,1,0.022212504380938,0.028058308884306,-0.001321865285169,1,-0.002571513793736,0.000586723153905
Protonotaria citrea,152,1,133.333333333333,26.1278905896873,0.013020833333333,NA,1,1,NA,NA,1,1,NA,NA,1,1,NA,NA,1,1,NA,NA,1,1,NA,NA,1,1,NA,NA,1,1,NA,NA,1,1,NA
Cardinalis cardinalis,1608,1,380.727272727273,422.936016979962,0.001425081433225,2263.78762962045,3187.88989674459,1,351.797533902034,16.4213138977926,37.3788949421331,-13.7025372556017,9.04852748483579,7.92685279684992,22.0483631742792,-2.75101590205567,4.94903995734959,1754.38663194444,2241.39,1,193.470928093956,2200.61631944444,2827.89,1,227.861455203795,2767.10777777778,5034.1,1,455.178774927907,0.12366541960935,1,0.018806643858058,0.069051310971009,2.93964133371266E-05,1,-0.001388209160382,0.000750244995836
Himantopus himantopus,296,1,124.712328767123,36.5351731030276,0.00123034859877,1454.20873984134,2185.90909090909,1,452.479671592474,15.6927423833089,29.3834130831602,1,4.8761187460004,14.5355766579154,26.4304866868506,1,6.03360528943268,1056.87958139535,1469.04,1,79.4561283716068,2053.05186046512,2280.93,1,57.7977172226435,2439.40241860465,3100.46,1,226.929021608803,0.064022724335419,1,0.020073762410641,0.025879069934183,-0.000657981851413,1,-0.001244316940501,0.00020115654062
Fulica atra,144,1,111.384615384615,21.2819894963576,0.001838235294118,918.107892941087,1025.42535446205,1,46.6931769512196,5.43588509186954,12.1390158803543,-0.743652217794319,3.2352545374412,14.9107057465172,22.8861599982448,1,5.10890345527563,918.359545454545,1068.71,1,51.1359253387841,1823.07590909091,1993.67,1,93.6308168141978,2729.56409090909,3010.74,1,144.74261933737,0.154141855443224,1,0.045546300597555,0.077378465023766,-0.000271101641982,1,-0.000616348454775,0.00012621254577
Delichon urbicum,847.999999999996,1,227.8,170.486964687055,0.00230605487228,2901.76304327681,3446.43452877398,1,436.963299409386,29.539677538938,31.5749850867787,1,1.17100186382095,-2.4547193180358,1,-4.67722633458536,1.6427925544597,2237.53777777778,2834.41,1,603.241446474332,3348.54222222222,4086.33,1,414.980935218046,4124.59777777778,4850.02,1,437.260531056079,0.164212353560897,1,0.125741118548132,0.02905773072751,0.00142220884457,1,0.000951751524274,0.000413283245395
Icteria virens,1088,1,182.933333333333,256.639676997778,0.001008645533141,NA,1,1,NA,NA,1,1,NA,NA,1,1,NA,NA,1,1,NA,NA,1,1,NA,NA,1,1,NA,NA,1,1,NA,NA,1,1,NA
Passer domesticus,472,1,148.769230769231,77.8093737446454,0.002983153954141,2403.722304174,3486.45120934112,1,513.544029196295,26.7539568480178,35.2488250873067,1,4.76899760851042,0.599777588185894,11.4177492070504,-6.55775768196709,4.13194928071081,2063.61818505338,3653.66,1,438.162489956533,2758.97135231317,5046.26,1,443.229973647534,3380.91914590747,5491.72,1,460.071430219556,0.267012160785339,1,0.074864704301207,0.090309394646713,0.000540246879431,1,-0.000222019554288,0.000470373438597
Saxicola torquatus,1160,1,282.448979591837,262.029026797326,0.001218769043266,3084.14216223888,3487.17772215269,1,336.956003451049,24.0924864416583,33.2934252282312,-7.61963781455964,6.31932532709772,5.45169929586109,26.6826282950824,-4.67311367145519,6.48785263517624,1814.42618556701,3413.23,1,668.895940307053,3144.64701030928,4099.41,1,363.91949514443,3644.10463917526,4890.69,1,486.980088812806,0.123573219888615,1,0.042869826491507,0.051393286380536,0.00032703222413,1,-7.10588577159994E-05,0.000324552215155
Xanthocephalus xanthocephalus,1168,1,434.666666666667,635.198656589679,0.002083333333333,1320.95805496076,2867.59931781205,1,385.160046851031,26.9562525932008,29.005144425446,1,1.96717613900709,-3.50305010942388,1.88671170047495,-5.77184760522122,1.32354176558064,1543.89333333333,2740.26,1,233.588626212697,1958.64738095238,3150.33,1,255.080643595071,2897.20595238095,3921.33,1,178.43945605818,0.464057374839895,1,0.19512293902298,0.069603567687441,0.000644625444499,1,0.000120705319619,0.000206689230466
Cepphus grylle,5200,1,5200,NA,NA,NA,1,1,NA,NA,1,1,NA,NA,1,1,NA,NA,1,1,NA,NA,1,1,NA,NA,1,1,NA,NA,1,1,NA,NA,1,1,NA
Phasianus colchicus,272,1,272,NA,NA,799.473040564097,945.855844216856,1,102.521848529587,8.91701610621534,19.1484046548686,-5.00815502616101,6.79427657916468,4.15049361044055,9.66415350959728,0.884345905534369,2.39096652929311,880.87625,938.12,1,37.2634260144358,1875.91875,2043.87,1,65.7865525139193,2810.9625,3574.46,1,337.992980962623,0.292481135792348,1,0.140783621937549,0.053501457951248,-0.000920016948491,1,-0.002464589553868,0.000465152508471
Charadrius hiaticula,784,1,784,NA,NA,2363.99985525128,2846.18432026689,1,360.082080673458,-1.40264534998517,27.1910129450216,-17.8990768110691,13.4255272332067,17.3132607240721,33.1488935318696,-2.39188013546783,9.11283343603781,1864.03768595041,2717.5,1,544.854876957709,2415.00305785124,2807.75,1,222.550817316117,3101.11280991736,5423.23,1,833.286701591178,0.109980062185904,1,0.027807632795796,0.064259068276878,-0.000342130006679,1,-0.001145813289754,0.000211250454852
Grus grus,360,1,360,NA,NA,1029.10504922685,1165.48373644704,1,178.296255767146,4.72685767000299,24.299294248353,-1.40732635016197,6.43830411118864,15.1004254123878,26.3968107751752,-0.183193754957394,7.92398628973606,1092.61666666667,1163.71,1,72.3884861824237,1811.73057471264,3697.99,1,540.612206797107,2852.86597701149,4342.76,1,592.837440461293,0.202815360500004,1,0.044681453175962,0.129543468521314,-0.000948539256603,1,-0.002121720331144,0.000323741260534
Recurvirostra avosetta,832,1,832,NA,NA,NA,1,1,NA,NA,1,1,NA,NA,1,1,NA,NA,1,1,NA,NA,1,1,NA,NA,1,1,NA,NA,1,1,NA,NA,1,1,NA
Remiz pendulinus,648,1,578.666666666667,64.6632301492381,0.000856164383562,NA,1,1,NA,NA,1,1,NA,NA,1,1,NA,NA,1,1,NA,NA,1,1,NA,NA,1,1,NA,NA,1,1,NA,NA,1,1,NA
Mimus polyglottos,216,1,216,NA,NA,2546.19448422632,3428.10783094399,1,417.540818185826,6.51071453498763,34.5124646602624,-22.6008774137128,19.5445856131926,13.5623566216181,31.1283097833977,-3.14697153789922,6.31476779269376,2107.55222648752,3340.58,1,504.681726083223,2650.45061420345,4383.24,1,433.170668770502,2993.31710172745,8297.09,1,652.193628976802,0.057510910676061,1,0.01097666355576,0.035912756043087,-0.000142840735305,1,-0.000844256406666,0.000224286149196
